Model,Yöntem,Ortalama Doğruluk,Ortalama F1
Lojistik Regresyon,10-Kat CV,0.8258823529411764,0.8424748240675761
SVM,10-Kat CV,0.858235294117647,0.8723304796502098
KNN,10-Kat CV,0.8211764705882352,0.829362599500022
Rastgele Orman,10-Kat CV,0.8988235294117647,0.9078661688225773
