Model,Yöntem,Doğruluk (Accuracy),Duyarlılık (Sensitivity),Özgüllük (Specificity),F1-Skoru
Lojistik Regresyon,Hold-out,0.8333333333333334,0.8576512455516014,0.8034934497816594,0.8500881834215167
SVM,Hold-out,0.8509803921568627,0.8540925266903915,0.8471615720524017,0.8633093525179856
KNN,Hold-out,0.8137254901960784,0.7722419928825622,0.8646288209606987,0.8204158790170132
Rastgele Orman,Hold-out,0.9058823529411765,0.896797153024911,0.9170305676855895,0.9130434782608695
YSA,Hold-out,0.8490196078431372,0.8612099644128114,0.834061135371179,0.8627450980392157
